,Data,Model,MSE,MAE,MAPE
0,ada,LSTM-CNN,0.010751753,0.09413652,0.29983735
1,btc,LSTM-CNN,0.0016545121,0.03570456,1.077848
2,doge,LSTM-CNN,0.0046182876,0.05524241,6.1204586
3,eth,LSTM-CNN,0.00045230973,0.01626416,0.34803557
4,xmr,LSTM-CNN,0.012357208,0.09417723,3.7551253
5,xrp,LSTM-CNN,0.0010852963,0.026603688,1.5883414
6,aave,LSTM-CNN,0.11112408,0.31275985,0.43934944
