,Data,Model,MSE,MAE,MAPE
0,ada,LSTM,0.002147788,0.039190907,0.17276792
1,btc,LSTM,0.0025241498,0.03651826,0.44537863
2,doge,LSTM,0.0029294458,0.04523039,4.522522
3,eth,LSTM,0.006069995,0.058626246,1.2399304
4,xmr,LSTM,0.0022638033,0.03491757,1.4623156
5,xrp,LSTM,0.00035729058,0.014199771,0.60060114
6,aave,LSTM,0.17492193,0.40249404,0.5778225
