,Data,Model,MSE,MAE,MAPE
0,ada,Transformer,0.4784937,0.6786231,1.9204131
1,btc,Transformer,0.00035395627,0.016007986,0.37301913
2,doge,Transformer,0.001068377,0.023029597,0.87456334
3,eth,Transformer,0.012136879,0.09002711,0.42036393
4,xmr,Transformer,0.00059093564,0.016064635,1.0658584
5,xrp,Transformer,0.00016217904,0.008547652,0.30166516
6,aave,Transformer,0.015874937,0.10213021,0.16104025
